{"cameraMode":{"drawMode":0,"name":"Shaded","section":"Shading Mode"},"sceneLighting":true,"audioPlay":false,"sceneViewState":{"m_AlwaysRefresh":false,"showFog":true,"showSkybox":true,"showFlares":true,"showImageEffects":true,"showParticleSystems":true,"showVisualEffectGraphs":true,"m_FxEnabled":true},"in2DMode":false,"pivot":{"x":-2.4975736141204836,"y":1.7376970052719117,"z":3.533479690551758},"rotation":{"x":0.06153418496251106,"y":0.9145812392234802,"z":-0.15229052305221559,"w":0.36954426765441897},"size":1.153700590133667,"orthographic":false}